YearsExperience,salary
12.0,377196.9336556881
13.0,402708.56701588427
15.5,466487.65041637485
19.0,555778.3671770617
20.2,586392.3272092971
18.0,530266.7338168655
22.7,650171.4106097878
24.9,706297.0040022194
26.0,734359.8006984353
